DATA_OBITO,OUTRAS,COVID - RJ,INDETERMINADA,INSUFICIENCIA_RESPIRATORIA,PNEUMONIA,SEPTICEMIA,SRAG
2018-01-01,191,0,4,19,58,60,0
2018-01-02,208,0,1,19,65,69,0
2018-01-03,196,0,2,19,83,56,0
2018-01-04,200,0,0,37,69,64,0
2018-01-05,178,0,0,24,64,51,0
2018-01-06,196,0,3,24,64,59,0
2018-01-07,217,0,2,25,57,52,0
2018-01-08,171,0,0,34,58,67,0
2018-01-09,180,0,3,24,79,54,0
2018-01-10,188,0,2,35,51,73,1
2018-01-11,184,0,1,23,70,71,2
2018-01-12,193,0,1,22,77,65,1
2018-01-13,189,0,2,24,64,64,0
2018-01-14,190,0,2,29,69,60,0
2018-01-15,217,0,1,26,72,64,0
2018-01-16,213,0,2,24,61,68,0
2018-01-17,207,0,4,32,50,57,0
2018-01-18,219,0,0,40,82,62,0
2018-01-19,240,0,0,31,73,57,0
2018-01-20,210,0,3,39,71,82,0
2018-01-21,202,0,0,22,57,79,0
2018-01-22,206,0,1,25,65,68,0
2018-01-23,197,0,0,31,70,49,0
2018-01-24,218,0,0,26,64,62,0
2018-01-25,206,0,1,28,72,67,0
2018-01-26,195,0,0,24,80,57,0
2018-01-27,185,0,0,23,49,56,0
2018-01-28,196,0,0,23,52,66,0
2018-01-29,217,0,2,31,70,56,0
2018-01-30,192,0,0,24,55,53,0
2018-01-31,171,0,1,19,55,57,1
2018-02-01,203,0,1,31,62,55,0
2018-02-02,194,0,1,29,62,55,0
2018-02-03,194,0,0,26,64,70,1
2018-02-04,205,0,3,32,51,49,0
2018-02-05,196,0,1,20,68,66,0
2018-02-06,213,0,0,19,55,69,0
2018-02-07,199,0,0,37,58,65,0
2018-02-08,166,0,1,25,57,71,0
2018-02-09,197,0,4,28,53,45,0
2018-02-10,189,0,2,35,79,53,0
2018-02-11,218,0,3,22,47,66,0
2018-02-12,239,0,2,24,59,70,0
2018-02-13,186,0,1,27,56,73,0
2018-02-14,183,0,1,20,48,55,0
2018-02-15,198,0,1,26,63,57,0
2018-02-16,183,0,0,34,53,67,0
2018-02-17,182,0,2,21,61,60,1
2018-02-18,197,0,1,25,73,59,0
2018-02-19,211,0,1,30,56,49,1
2018-02-20,209,0,2,37,56,58,0
2018-02-21,189,0,1,29,61,43,0
2018-02-22,189,0,0,21,67,74,0
2018-02-23,186,0,0,24,60,66,0
2018-02-24,210,0,0,25,50,52,0
2018-02-25,207,0,3,24,55,53,0
2018-02-26,190,0,2,27,62,58,0
2018-02-27,196,0,1,23,58,59,0
2018-02-28,178,0,3,32,72,70,0
2018-03-01,205,0,0,22,66,73,0
2018-03-02,209,0,1,34,59,62,0
2018-03-03,201,0,1,22,58,80,0
2018-03-04,176,0,0,38,56,67,0
2018-03-05,192,0,1,30,59,55,0
2018-03-06,222,0,0,22,71,64,0
2018-03-07,214,0,0,25,72,67,0
2018-03-08,198,0,0,23,63,68,0
2018-03-09,194,0,1,30,54,59,1
2018-03-10,222,0,1,21,61,64,0
2018-03-11,198,0,2,25,61,63,0
2018-03-12,230,0,5,25,58,70,0
2018-03-13,208,0,2,31,67,67,0
2018-03-14,204,0,0,28,65,62,0
2018-03-15,217,0,2,33,70,68,0
2018-03-16,194,0,1,33,79,71,0
2018-03-17,219,0,2,30,75,59,1
2018-03-18,209,0,2,23,60,70,2
2018-03-19,227,0,0,26,65,80,0
2018-03-20,194,0,4,26,72,66,0
2018-03-21,203,0,1,25,63,71,0
2018-03-22,188,0,3,34,70,59,0
2018-03-23,209,0,0,31,54,56,0
2018-03-24,222,0,0,44,93,66,0
2018-03-25,217,0,1,28,78,74,0
2018-03-26,217,0,2,23,54,65,0
2018-03-27,189,0,2,36,69,69,0
2018-03-28,203,0,1,26,64,69,0
2018-03-29,204,0,1,19,78,57,0
2018-03-30,203,0,1,32,72,57,0
2018-03-31,196,0,0,34,81,76,0
2018-04-01,200,0,1,25,72,77,0
2018-04-02,210,0,2,31,77,53,0
2018-04-03,207,0,2,25,72,57,0
2018-04-04,210,0,1,29,76,51,0
2018-04-05,200,0,0,34,76,55,0
2018-04-06,206,0,0,31,58,67,1
2018-04-07,193,0,1,30,66,64,0
2018-04-08,166,0,1,26,55,63,0
2018-04-09,191,0,0,33,78,72,0
2018-04-10,183,0,0,34,66,63,0
2018-04-11,165,0,0,27,62,67,0
2018-04-12,196,0,1,37,61,70,0
2018-04-13,200,0,1,27,66,85,0
2018-04-14,183,0,1,31,67,71,1
2018-04-15,204,0,2,23,62,60,0
2018-04-16,209,0,3,26,62,66,0
2018-04-17,168,0,3,23,78,57,0
2018-04-18,201,0,0,27,57,59,0
2018-04-19,184,0,3,26,68,57,0
2018-04-20,210,0,2,31,60,71,0
2018-04-21,180,0,1,27,62,61,1
2018-04-22,216,0,2,28,76,70,0
2018-04-23,185,0,0,26,69,54,0
2018-04-24,185,0,1,29,57,64,2
2018-04-25,220,0,2,33,61,74,0
2018-04-26,211,0,3,28,54,67,0
2018-04-27,195,0,1,31,68,59,0
2018-04-28,195,0,1,31,68,62,0
2018-04-29,204,0,1,24,63,62,0
2018-04-30,203,0,0,25,64,64,0
2018-05-01,181,0,1,27,64,62,0
2018-05-02,212,0,1,25,76,49,0
2018-05-03,214,0,2,23,66,73,2
2018-05-04,205,0,3,42,70,62,0
2018-05-05,215,0,1,26,66,64,0
2018-05-06,236,0,0,19,76,58,0
2018-05-07,209,0,0,27,73,55,0
2018-05-08,186,0,2,37,53,72,1
2018-05-09,202,0,1,27,55,77,0
2018-05-10,219,0,0,30,44,62,0
2018-05-11,225,0,1,29,54,56,0
2018-05-12,211,0,1,23,87,63,0
2018-05-13,209,0,1,20,73,52,1
2018-05-14,201,0,2,24,63,61,0
2018-05-15,220,0,1,38,74,54,1
2018-05-16,206,0,2,25,67,71,0
2018-05-17,208,0,1,30,49,84,0
2018-05-18,197,0,5,24,90,51,0
2018-05-19,190,0,2,19,52,58,0
2018-05-20,239,0,3,18,73,73,0
2018-05-21,214,0,1,28,57,67,0
2018-05-22,196,0,0,28,81,89,1
2018-05-23,193,0,2,26,75,58,0
2018-05-24,221,0,1,34,72,72,0
2018-05-25,217,0,3,29,70,60,0
2018-05-26,217,0,3,32,84,55,1
2018-05-27,202,0,0,36,85,77,0
2018-05-28,202,0,0,27,75,87,1
2018-05-29,226,0,2,33,71,75,0
2018-05-30,213,0,6,31,60,60,1
2018-05-31,216,0,1,33,65,61,0
2018-06-01,212,0,0,20,82,75,0
2018-06-02,182,0,1,20,81,56,1
2018-06-03,222,0,1,35,81,60,0
2018-06-04,220,0,2,32,71,68,0
2018-06-05,213,0,2,24,57,51,0
2018-06-06,229,0,2,34,57,72,0
2018-06-07,224,0,2,38,81,76,1
2018-06-08,208,0,2,31,63,59,0
2018-06-09,222,0,1,29,87,64,0
2018-06-10,235,0,2,29,74,65,0
2018-06-11,221,0,0,31,76,74,0
2018-06-12,203,0,1,23,88,71,0
2018-06-13,218,0,2,28,71,56,0
2018-06-14,189,0,2,28,98,56,0
2018-06-15,212,0,3,33,82,63,0
2018-06-16,210,0,1,20,80,56,0
2018-06-17,207,0,3,16,87,72,0
2018-06-18,201,0,0,28,76,62,0
2018-06-19,205,0,1,30,88,63,0
2018-06-20,226,0,1,29,75,63,0
2018-06-21,210,0,0,38,79,71,0
2018-06-22,219,0,2,31,71,59,2
2018-06-23,207,0,1,36,78,61,0
2018-06-24,217,0,1,16,77,60,0
2018-06-25,239,0,1,26,64,67,0
2018-06-26,191,0,2,21,67,51,1
2018-06-27,199,0,1,28,90,64,1
2018-06-28,192,0,2,32,76,66,0
2018-06-29,201,0,1,29,75,51,1
2018-06-30,209,0,4,19,73,51,0
2018-07-01,207,0,2,23,86,50,0
2018-07-02,212,0,3,19,74,53,0
2018-07-03,222,0,1,29,66,50,1
2018-07-04,167,0,3,28,71,46,0
2018-07-05,190,0,0,28,58,68,0
2018-07-06,202,0,0,39,59,67,0
2018-07-07,207,0,2,27,75,63,0
2018-07-08,225,0,4,19,78,71,2
2018-07-09,193,0,2,20,64,68,0
2018-07-10,221,0,3,26,69,60,0
2018-07-11,186,0,3,35,62,73,0
2018-07-12,209,0,2,22,71,68,1
2018-07-13,202,0,4,24,64,66,0
2018-07-14,226,0,2,23,71,67,0
2018-07-15,226,0,2,30,69,75,0
2018-07-16,248,0,1,26,78,54,0
2018-07-17,199,0,1,29,66,57,1
2018-07-18,214,0,3,35,75,63,1
2018-07-19,164,0,2,20,93,76,0
2018-07-20,226,0,1,20,71,48,0
2018-07-21,215,0,0,33,64,70,0
2018-07-22,177,0,8,26,69,52,0
2018-07-23,216,0,4,13,78,57,1
2018-07-24,193,0,2,37,68,63,1
2018-07-25,180,0,2,27,79,72,0
2018-07-26,189,0,0,38,67,67,1
2018-07-27,215,0,1,30,69,60,1
2018-07-28,218,0,0,34,74,65,1
2018-07-29,197,0,1,23,81,49,0
2018-07-30,216,0,1,27,45,67,0
2018-07-31,202,0,0,31,58,69,1
2018-08-01,204,0,2,32,62,75,0
2018-08-02,227,0,0,28,73,78,0
2018-08-03,179,0,0,29,69,60,0
2018-08-04,206,0,1,39,80,71,1
2018-08-05,225,0,0,32,73,63,0
2018-08-06,198,0,0,28,58,66,0
2018-08-07,199,0,0,26,73,67,0
2018-08-08,224,0,1,40,64,64,1
2018-08-09,210,0,0,35,63,66,1
2018-08-10,226,0,0,21,78,59,0
2018-08-11,221,0,1,31,80,65,0
2018-08-12,218,0,0,27,54,51,1
2018-08-13,238,0,1,26,66,54,0
2018-08-14,217,0,0,27,66,58,0
2018-08-15,198,0,3,39,79,54,0
2018-08-16,203,0,1,49,68,67,0
2018-08-17,206,0,0,29,62,76,0
2018-08-18,204,0,0,36,81,71,0
2018-08-19,223,0,0,18,73,66,0
2018-08-20,238,0,0,23,53,64,1
2018-08-21,219,0,0,32,70,51,0
2018-08-22,176,0,0,28,76,79,0
2018-08-23,199,0,0,32,76,73,0
2018-08-24,220,0,0,30,70,70,0
2018-08-25,192,0,0,30,46,69,0
2018-08-26,233,0,0,38,75,57,1
2018-08-27,202,0,0,26,55,65,1
2018-08-28,192,0,0,26,75,80,0
2018-08-29,210,0,0,41,63,63,0
2018-08-30,210,0,1,37,76,64,0
2018-08-31,210,0,0,29,65,68,0
2018-09-01,182,0,0,26,68,55,0
2018-09-02,195,0,1,28,73,72,0
2018-09-03,202,0,0,22,76,62,0
2018-09-04,187,0,0,22,69,70,0
2018-09-05,209,0,0,22,59,65,0
2018-09-06,198,0,0,30,73,72,1
2018-09-07,202,0,0,40,73,57,0
2018-09-08,204,0,0,32,57,75,0
2018-09-09,180,0,0,25,64,71,0
2018-09-10,221,0,0,23,72,64,0
2018-09-11,201,0,0,28,61,50,0
2018-09-12,228,0,0,24,61,59,0
2018-09-13,203,0,1,29,76,55,2
2018-09-14,199,0,0,18,79,67,0
2018-09-15,200,0,0,34,71,53,0
2018-09-16,204,0,0,26,82,61,0
2018-09-17,211,0,0,25,66,58,0
2018-09-18,217,0,1,35,64,51,0
2018-09-19,210,0,0,24,69,66,0
2018-09-20,181,0,0,22,50,72,0
2018-09-21,189,0,0,30,51,49,0
2018-09-22,206,0,1,22,79,49,0
2018-09-23,164,0,1,27,65,52,0
2018-09-24,156,0,1,35,54,48,0
2018-09-25,184,0,0,15,55,53,0
2018-09-26,186,0,0,29,66,64,0
2018-09-27,206,0,0,34,62,56,0
2018-09-28,185,0,0,26,68,56,0
2018-09-29,185,0,0,23,66,56,0
2018-09-30,167,0,0,21,71,57,0
2018-10-01,146,0,1,23,40,46,0
2018-10-02,187,0,1,16,56,49,0
2018-10-03,182,0,0,17,71,49,0
2018-10-04,201,0,1,20,68,66,0
2018-10-05,187,0,0,31,46,67,0
2018-10-06,177,0,0,17,64,62,0
2018-10-07,198,0,0,21,69,60,0
2018-10-08,220,0,0,34,68,60,0
2018-10-09,192,0,0,29,72,65,0
2018-10-10,199,0,0,32,64,68,0
2018-10-11,199,0,0,18,64,61,0
2018-10-12,202,0,0,26,61,70,0
2018-10-13,199,0,1,43,60,69,0
2018-10-14,218,0,0,29,68,60,0
2018-10-15,193,0,1,29,54,44,1
2018-10-16,181,0,0,21,53,63,0
2018-10-17,203,0,0,19,64,72,1
2018-10-18,176,0,2,39,55,57,0
2018-10-19,189,0,0,29,62,66,0
2018-10-20,184,0,1,20,61,58,0
2018-10-21,197,0,0,25,46,68,0
2018-10-22,182,0,0,23,74,68,0
2018-10-23,201,0,0,19,69,60,0
2018-10-24,227,0,0,22,52,57,0
2018-10-25,179,0,1,27,56,57,0
2018-10-26,206,0,0,34,57,50,0
2018-10-27,191,0,0,27,70,59,0
2018-10-28,195,0,0,23,64,67,0
2018-10-29,202,0,0,29,62,56,0
2018-10-30,194,0,0,23,64,70,0
2018-10-31,224,0,0,22,68,67,0
2018-11-01,200,0,0,33,58,53,0
2018-11-02,200,0,0,27,63,66,0
2018-11-03,223,0,0,26,68,69,2
2018-11-04,213,0,1,26,60,58,0
2018-11-05,179,0,0,19,75,54,0
2018-11-06,177,0,0,28,53,51,0
2018-11-07,181,0,0,22,57,65,1
2018-11-08,167,0,3,28,52,52,0
2018-11-09,175,0,0,32,65,67,0
2018-11-10,178,0,1,22,60,47,0
2018-11-11,165,0,0,24,42,55,0
2018-11-12,190,0,0,13,53,50,0
2018-11-13,203,0,1,33,72,70,1
2018-11-14,219,0,0,27,57,64,0
2018-11-15,232,0,0,31,69,61,0
2018-11-16,200,0,0,32,65,63,0
2018-11-17,206,0,1,39,52,50,0
2018-11-18,176,0,0,33,63,65,0
2018-11-19,167,0,2,23,40,62,0
2018-11-20,146,0,0,24,61,55,0
2018-11-21,198,0,0,29,56,60,1
2018-11-22,185,0,0,35,55,64,0
2018-11-23,193,0,0,30,61,66,0
2018-11-24,201,0,0,25,57,71,0
2018-11-25,196,0,2,38,69,53,0
2018-11-26,192,0,1,33,63,50,1
2018-11-27,186,0,0,35,73,61,1
2018-11-28,184,0,1,23,61,59,0
2018-11-29,188,0,0,28,44,76,1
2018-11-30,178,0,2,42,71,59,0
2018-12-01,189,0,0,24,67,66,0
2018-12-02,209,0,0,22,67,55,0
2018-12-03,175,0,0,22,70,52,0
2018-12-04,183,0,3,14,78,66,0
2018-12-05,190,0,0,25,67,68,0
2018-12-06,183,0,1,28,52,59,0
2018-12-07,222,0,1,31,60,54,0
2018-12-08,170,0,3,28,59,50,0
2018-12-09,217,0,0,20,53,57,1
2018-12-10,193,0,1,23,73,64,0
2018-12-11,209,0,1,26,61,64,0
2018-12-12,206,0,1,21,71,56,1
2018-12-13,219,0,0,31,64,53,0
2018-12-14,189,0,1,31,61,67,0
2018-12-15,231,0,0,24,51,49,1
2018-12-16,231,0,0,26,55,57,0
2018-12-17,214,0,0,30,58,74,0
2018-12-18,209,0,3,19,72,61,0
2018-12-19,202,0,3,20,64,70,0
2018-12-20,212,0,0,39,70,72,0
2018-12-21,255,0,0,28,65,67,0
2018-12-22,227,0,0,19,52,75,2
2018-12-23,251,0,0,22,69,65,0
2018-12-24,209,0,0,22,60,69,0
2018-12-25,227,0,0,29,93,59,1
2018-12-26,193,0,0,22,63,65,0
2018-12-27,204,0,0,37,60,56,0
2018-12-28,219,0,1,23,69,64,0
2018-12-29,235,0,0,35,58,58,0
2018-12-30,208,0,2,18,45,82,0
2018-12-31,195,0,0,25,65,66,0
2019-01-01,216,0,0,23,77,63,2
2019-01-02,212,0,0,17,56,60,0
2019-01-03,219,0,0,21,65,78,3
2019-01-04,249,0,1,24,62,88,0
2019-01-05,194,0,1,28,59,83,1
2019-01-06,180,0,1,27,55,59,0
2019-01-07,216,0,0,26,57,87,0
2019-01-08,216,0,0,32,67,66,0
2019-01-09,204,0,1,27,74,64,0
2019-01-10,199,0,0,22,74,70,1
2019-01-11,195,0,0,28,70,73,0
2019-01-12,186,0,0,26,76,60,0
2019-01-13,213,0,0,35,56,59,0
2019-01-14,205,0,0,23,60,67,0
2019-01-15,209,0,0,34,76,67,0
2019-01-16,219,0,0,27,63,77,0
2019-01-17,241,0,0,30,68,64,1
2019-01-18,231,0,0,29,61,77,0
2019-01-19,220,0,1,28,71,71,0
2019-01-20,227,0,0,19,62,86,0
2019-01-21,237,0,0,26,67,57,2
2019-01-22,240,0,0,30,66,81,2
2019-01-23,212,0,0,18,68,65,0
2019-01-24,232,0,0,28,57,63,0
2019-01-25,208,0,0,26,62,53,0
2019-01-26,206,0,0,27,58,64,0
2019-01-27,175,0,0,27,64,81,0
2019-01-28,223,0,0,19,69,76,0
2019-01-29,240,0,0,20,70,63,0
2019-01-30,241,0,0,40,65,67,0
2019-01-31,242,0,0,31,53,72,1
2019-02-01,227,0,1,22,62,68,2
2019-02-02,248,0,0,23,67,85,0
2019-02-03,247,0,0,27,61,76,0
2019-02-04,212,0,1,18,68,74,0
2019-02-05,194,0,0,34,60,82,0
2019-02-06,200,0,0,24,69,58,0
2019-02-07,186,0,3,25,64,56,0
2019-02-08,212,0,0,21,51,74,1
2019-02-09,209,0,0,23,55,74,0
2019-02-10,217,0,0,22,73,77,0
2019-02-11,223,0,1,29,70,67,0
2019-02-12,188,0,0,31,77,58,0
2019-02-13,190,0,0,22,55,65,0
2019-02-14,194,0,0,22,59,65,0
2019-02-15,178,0,1,23,70,52,0
2019-02-16,190,0,0,35,61,63,1
2019-02-17,203,0,0,28,72,64,0
2019-02-18,226,0,0,19,53,61,0
2019-02-19,189,0,0,26,56,66,0
2019-02-20,200,0,0,23,58,58,0
2019-02-21,182,0,0,23,51,71,0
2019-02-22,178,0,0,20,61,70,0
2019-02-23,196,0,0,24,53,67,0
2019-02-24,230,0,1,15,52,62,1
2019-02-25,199,0,0,25,59,70,0
2019-02-26,240,0,0,23,46,59,0
2019-02-27,201,0,0,32,59,79,0
2019-02-28,223,0,1,24,65,70,0
2019-03-01,223,0,1,24,57,79,0
2019-03-02,212,0,2,21,59,73,0
2019-03-03,211,0,0,27,67,61,0
2019-03-04,203,0,0,27,48,81,0
2019-03-05,184,0,0,32,71,73,0
2019-03-06,216,0,0,29,55,68,0
2019-03-07,231,0,0,28,66,62,0
2019-03-08,199,0,0,30,58,78,0
2019-03-09,201,0,0,25,58,66,0
2019-03-10,193,0,0,21,63,81,0
2019-03-11,170,0,0,26,71,46,0
2019-03-12,207,0,0,18,63,71,0
2019-03-13,191,0,2,26,54,62,0
2019-03-14,170,0,0,29,56,75,0
2019-03-15,222,0,0,26,52,59,0
2019-03-16,163,0,0,26,57,69,0
2019-03-17,213,0,0,24,61,57,0
2019-03-18,214,0,0,27,62,62,0
2019-03-19,206,0,0,30,73,73,0
2019-03-20,182,0,0,18,53,57,0
2019-03-21,224,0,1,32,76,52,0
2019-03-22,193,0,0,28,54,54,1
2019-03-23,198,0,1,25,57,62,0
2019-03-24,180,0,1,30,64,64,1
2019-03-25,212,0,0,27,67,81,0
2019-03-26,167,0,1,30,65,67,0
2019-03-27,164,0,0,26,62,44,0
2019-03-28,178,0,1,32,49,57,0
2019-03-29,170,0,0,25,57,63,0
2019-03-30,201,0,0,24,63,54,0
2019-03-31,191,0,0,23,82,56,0
2019-04-01,200,0,0,29,73,48,0
2019-04-02,170,0,0,36,68,52,0
2019-04-03,206,0,0,26,66,66,1
2019-04-04,198,0,0,24,65,55,0
2019-04-05,202,0,0,27,73,72,0
2019-04-06,217,0,0,29,60,74,0
2019-04-07,218,0,0,24,76,67,1
2019-04-08,236,0,0,28,78,61,0
2019-04-09,194,0,0,31,55,49,0
2019-04-10,185,0,0,28,64,84,0
2019-04-11,220,0,0,19,68,67,1
2019-04-12,226,0,0,29,61,79,0
2019-04-13,222,0,0,30,77,79,0
2019-04-14,225,0,0,32,74,62,0
2019-04-15,219,0,0,26,70,75,0
2019-04-16,242,0,0,34,83,67,0
2019-04-17,211,0,0,25,67,67,0
2019-04-18,224,0,0,38,66,72,1
2019-04-19,213,0,0,26,78,66,0
2019-04-20,239,0,0,23,92,72,1
2019-04-21,203,0,0,21,71,79,0
2019-04-22,261,0,0,38,72,77,0
2019-04-23,219,0,0,23,72,66,0
2019-04-24,200,0,0,27,80,70,0
2019-04-25,200,0,2,25,77,70,0
2019-04-26,207,0,0,16,72,53,2
2019-04-27,207,0,0,19,68,70,0
2019-04-28,220,0,0,23,79,78,1
2019-04-29,227,0,0,36,82,72,1
2019-04-30,196,0,0,27,79,71,0
2019-05-01,210,0,0,23,76,61,0
2019-05-02,215,0,1,28,87,65,0
2019-05-03,214,0,0,22,91,79,0
2019-05-04,241,0,0,32,73,74,0
2019-05-05,197,0,0,26,74,80,0
2019-05-06,246,0,0,35,72,89,1
2019-05-07,228,0,0,38,61,90,1
2019-05-08,248,0,1,28,66,67,0
2019-05-09,213,0,0,30,83,59,1
2019-05-10,208,0,1,34,87,69,0
2019-05-11,215,0,1,25,92,56,3
2019-05-12,240,0,0,21,73,68,1
2019-05-13,235,0,0,23,81,66,2
2019-05-14,222,0,0,34,84,91,0
2019-05-15,230,0,0,27,75,79,0
2019-05-16,208,0,0,22,89,66,0
2019-05-17,232,0,0,32,71,83,1
2019-05-18,235,0,0,34,97,74,0
2019-05-19,237,0,0,27,86,86,0
2019-05-20,231,0,0,34,84,66,2
2019-05-21,226,0,0,32,104,70,0
2019-05-22,213,0,0,27,79,70,0
2019-05-23,234,0,0,34,73,65,0
2019-05-24,211,0,0,35,72,60,0
2019-05-25,252,0,0,29,82,73,0
2019-05-26,211,0,0,28,88,77,1
2019-05-27,243,0,0,33,89,64,1
2019-05-28,222,0,0,26,92,77,0
2019-05-29,231,0,0,31,83,75,1
2019-05-30,237,0,0,28,83,75,1
2019-05-31,231,0,0,30,89,73,0
2019-06-01,232,0,2,24,91,81,0
2019-06-02,229,0,0,24,84,83,0
2019-06-03,213,0,0,31,91,71,0
2019-06-04,221,0,0,28,76,73,0
2019-06-05,220,0,0,33,81,69,0
2019-06-06,226,0,0,29,89,66,0
2019-06-07,226,0,0,28,84,72,1
2019-06-08,217,0,0,29,76,78,0
2019-06-09,247,0,0,28,86,72,0
2019-06-10,269,0,0,38,83,68,1
2019-06-11,234,0,0,34,75,64,0
2019-06-12,235,0,0,29,79,70,0
2019-06-13,239,0,0,42,81,82,1
2019-06-14,230,0,1,21,80,84,1
2019-06-15,213,0,0,34,96,70,0
2019-06-16,219,0,0,34,100,86,0
2019-06-17,245,0,0,28,99,63,0
2019-06-18,245,0,0,33,78,69,0
2019-06-19,221,0,0,30,67,71,0
2019-06-20,209,0,0,26,98,80,0
2019-06-21,198,0,0,25,76,80,0
2019-06-22,195,0,0,20,87,75,0
2019-06-23,195,0,0,26,100,74,0
2019-06-24,226,0,0,27,92,87,0
2019-06-25,213,0,0,21,83,72,0
2019-06-26,234,0,0,23,80,71,0
2019-06-27,195,0,0,27,82,56,0
2019-06-28,225,0,1,29,71,66,0
2019-06-29,216,0,0,23,74,59,0
2019-06-30,220,0,3,28,82,57,0
2019-07-01,222,0,1,27,75,81,0
2019-07-02,241,0,0,30,63,55,0
2019-07-03,200,0,1,27,86,67,1
2019-07-04,207,0,0,32,67,65,1
2019-07-05,216,0,0,37,83,67,1
2019-07-06,212,0,0,27,75,72,1
2019-07-07,232,0,0,24,73,74,1
2019-07-08,217,0,1,25,61,57,0
2019-07-09,195,0,1,30,70,75,0
2019-07-10,218,0,1,28,65,53,0
2019-07-11,215,0,0,25,71,62,0
2019-07-12,219,0,0,33,87,67,0
2019-07-13,239,0,1,24,65,71,0
2019-07-14,250,0,0,35,59,62,0
2019-07-15,221,0,0,25,80,85,1
2019-07-16,239,0,0,29,72,70,0
2019-07-17,221,0,1,28,63,55,0
2019-07-18,235,0,1,28,88,72,1
2019-07-19,268,0,0,28,84,72,1
2019-07-20,242,0,1,25,92,59,0
2019-07-21,229,0,1,25,70,77,0
2019-07-22,264,0,0,23,87,70,0
2019-07-23,236,0,0,23,68,69,0
2019-07-24,223,0,0,33,75,87,1
2019-07-25,230,0,1,38,58,66,1
2019-07-26,216,0,1,25,76,74,0
2019-07-27,218,0,1,27,61,59,0
2019-07-28,235,0,0,25,73,72,0
2019-07-29,215,0,2,23,93,74,1
2019-07-30,206,0,1,38,94,76,0
2019-07-31,208,0,0,26,72,65,0
2019-08-01,204,0,0,38,85,59,0
2019-08-02,229,0,0,33,67,90,0
2019-08-03,224,0,1,21,67,63,0
2019-08-04,214,0,0,26,58,67,0
2019-08-05,205,0,0,20,74,63,1
2019-08-06,222,0,1,30,73,73,0
2019-08-07,244,0,0,39,70,63,0
2019-08-08,224,0,0,32,79,60,1
2019-08-09,209,0,1,36,77,77,0
2019-08-10,220,0,1,31,86,69,1
2019-08-11,216,0,1,30,71,60,0
2019-08-12,209,0,0,22,64,79,1
2019-08-13,211,0,0,26,76,65,1
2019-08-14,214,0,0,24,72,73,0
2019-08-15,187,0,1,23,70,71,0
2019-08-16,196,0,2,32,76,60,2
2019-08-17,252,0,0,29,66,77,0
2019-08-18,245,0,0,23,85,75,0
2019-08-19,207,0,1,27,69,60,0
2019-08-20,216,0,0,21,69,66,0
2019-08-21,184,0,0,29,58,74,0
2019-08-22,191,0,0,35,74,64,1
2019-08-23,218,0,0,36,61,64,0
2019-08-24,222,0,0,38,71,59,0
2019-08-25,205,0,1,25,72,90,0
2019-08-26,200,0,1,40,71,60,0
2019-08-27,226,0,0,24,80,75,1
2019-08-28,224,0,0,25,70,67,0
2019-08-29,216,0,0,32,70,60,1
2019-08-30,232,0,0,31,52,79,0
2019-08-31,244,0,0,34,68,71,4
2019-09-01,229,0,1,31,67,98,0
2019-09-02,213,0,0,34,66,68,0
2019-09-03,218,0,0,34,71,62,0
2019-09-04,200,0,0,20,71,51,0
2019-09-05,204,0,1,28,63,63,0
2019-09-06,228,0,0,23,78,69,0
2019-09-07,204,0,1,21,58,57,0
2019-09-08,248,0,0,28,90,75,0
2019-09-09,205,0,0,34,74,73,0
2019-09-10,231,0,0,30,75,51,0
2019-09-11,222,0,0,28,85,64,1
2019-09-12,231,0,2,23,68,65,0
2019-09-13,224,0,1,24,73,77,0
2019-09-14,203,0,0,48,70,83,1
2019-09-15,238,0,3,36,65,61,0
2019-09-16,220,0,1,24,75,67,0
2019-09-17,211,0,1,23,63,76,0
2019-09-18,199,0,0,40,79,69,0
2019-09-19,195,0,0,36,61,70,0
2019-09-20,207,0,1,32,67,65,0
2019-09-21,207,0,1,36,65,68,0
2019-09-22,196,0,0,23,66,63,0
2019-09-23,181,0,0,21,65,63,0
2019-09-24,183,0,1,16,70,70,0
2019-09-25,191,0,0,31,62,67,1
2019-09-26,200,0,1,26,59,47,0
2019-09-27,216,0,0,23,58,59,1
2019-09-28,211,0,1,27,77,70,0
2019-09-29,191,0,0,13,58,52,0
2019-09-30,192,0,5,20,61,58,0
2019-10-01,200,0,3,26,69,69,0
2019-10-02,222,0,2,24,61,69,0
2019-10-03,206,0,5,28,77,68,1
2019-10-04,197,0,4,33,67,68,0
2019-10-05,208,0,9,22,60,71,0
2019-10-06,197,0,4,30,74,55,0
2019-10-07,205,0,4,28,69,75,0
2019-10-08,169,0,2,21,75,52,0
2019-10-09,212,0,7,20,64,55,0
2019-10-10,180,0,3,20,69,69,0
2019-10-11,195,0,4,37,68,59,0
2019-10-12,223,0,4,35,81,74,1
2019-10-13,219,0,1,26,65,62,0
2019-10-14,216,0,6,31,72,78,0
2019-10-15,224,0,3,35,60,52,1
2019-10-16,172,0,2,17,70,67,2
2019-10-17,201,0,2,21,47,67,0
2019-10-18,194,0,4,32,52,63,0
2019-10-19,188,0,3,28,69,61,0
2019-10-20,205,0,1,24,71,68,1
2019-10-21,221,0,5,14,63,66,0
2019-10-22,196,0,3,25,69,69,0
2019-10-23,182,0,2,23,69,61,0
2019-10-24,192,0,4,25,65,61,0
2019-10-25,189,0,5,27,62,67,0
2019-10-26,209,0,3,34,53,72,0
2019-10-27,218,0,4,35,69,69,1
2019-10-28,195,0,8,22,72,87,0
2019-10-29,217,0,3,26,65,75,0
2019-10-30,206,0,2,25,63,54,0
2019-10-31,195,0,3,27,67,63,2
2019-11-01,186,0,2,30,60,64,0
2019-11-02,167,0,3,18,63,53,1
2019-11-03,205,0,3,36,66,60,0
2019-11-04,196,0,2,21,54,66,2
2019-11-05,207,0,6,26,75,64,0
2019-11-06,180,0,6,34,60,60,0
2019-11-07,191,0,4,23,50,63,0
2019-11-08,180,0,1,29,54,63,0
2019-11-09,173,0,6,19,83,51,1
2019-11-10,223,0,6,30,56,65,0
2019-11-11,186,0,5,27,66,61,0
2019-11-12,212,0,6,27,58,65,0
2019-11-13,171,0,3,30,69,44,0
2019-11-14,201,0,4,30,76,73,0
2019-11-15,217,0,3,25,59,52,0
2019-11-16,177,0,4,22,62,67,0
2019-11-17,189,0,4,25,67,66,0
2019-11-18,180,0,3,21,55,59,0
2019-11-19,197,0,2,29,60,64,1
2019-11-20,192,0,3,24,63,62,0
2019-11-21,207,0,4,30,70,63,0
2019-11-22,229,0,6,32,63,58,0
2019-11-23,232,0,2,24,68,92,0
2019-11-24,221,0,2,22,90,64,1
2019-11-25,201,0,3,25,76,60,0
2019-11-26,199,0,6,21,64,76,0
2019-11-27,214,0,3,32,75,56,0
2019-11-28,199,0,3,26,65,63,0
2019-11-29,184,0,2,28,63,71,0
2019-11-30,208,0,6,27,63,59,0
2019-12-01,231,0,5,27,66,64,0
2019-12-02,208,0,3,25,68,71,0
2019-12-03,180,0,1,25,49,66,1
2019-12-04,184,0,2,19,64,64,0
2019-12-05,206,0,2,29,59,67,0
2019-12-06,226,0,6,31,59,78,2
2019-12-07,208,0,3,33,60,59,0
2019-12-08,214,0,6,20,70,49,1
2019-12-09,212,0,1,27,59,53,0
2019-12-10,212,0,3,30,61,70,0
2019-12-11,226,0,3,27,60,76,0
2019-12-12,177,0,2,28,81,74,0
2019-12-13,202,0,5,26,64,57,2
2019-12-14,201,0,3,29,73,69,0
2019-12-15,250,0,8,32,70,63,0
2019-12-16,227,0,1,26,58,63,0
2019-12-17,204,0,2,25,73,70,0
2019-12-18,226,0,2,22,66,74,0
2019-12-19,199,0,2,26,82,52,2
2019-12-20,207,0,2,28,62,69,1
2019-12-21,224,0,3,28,62,55,0
2019-12-22,254,0,3,36,67,79,1
2019-12-23,222,0,2,25,77,55,0
2019-12-24,187,0,4,30,60,68,1
2019-12-25,201,0,6,18,56,68,0
2019-12-26,233,0,5,27,71,57,1
2019-12-27,209,0,3,30,63,74,0
2019-12-28,171,0,3,23,61,55,0
2019-12-29,218,0,2,34,68,76,1
2019-12-30,193,0,5,29,65,66,1
2019-12-31,213,0,2,28,69,64,0
2020-01-01,240,0,5,37,86,66,1
2020-01-02,213,0,4,24,70,62,1
2020-01-03,212,0,4,29,71,61,0
2020-01-04,187,0,6,22,69,60,0
2020-01-05,192,0,4,24,69,57,0
2020-01-06,204,0,9,22,69,55,1
2020-01-07,225,0,0,30,57,76,0
2020-01-08,198,0,5,22,52,59,1
2020-01-09,210,0,3,43,75,57,0
2020-01-10,179,0,4,27,76,63,0
2020-01-11,256,0,6,28,54,57,0
2020-01-12,259,0,4,22,76,62,0
2020-01-13,223,0,4,28,67,56,1
2020-01-14,181,0,0,18,66,63,0
2020-01-15,212,0,3,25,73,58,0
2020-01-16,198,0,5,36,61,74,1
2020-01-17,218,0,6,32,63,76,0
2020-01-18,210,0,3,20,72,76,0
2020-01-19,198,0,5,17,95,54,1
2020-01-20,173,0,2,16,65,51,0
2020-01-21,181,0,3,28,61,50,1
2020-01-22,185,0,4,22,62,60,1
2020-01-23,201,0,4,27,66,72,0
2020-01-24,193,0,7,20,54,62,0
2020-01-25,220,0,5,25,73,69,0
2020-01-26,206,0,4,28,68,67,1
2020-01-27,202,0,2,24,69,65,0
2020-01-28,188,0,4,25,74,58,0
2020-01-29,195,0,2,27,60,48,0
2020-01-30,216,0,5,36,90,60,1
2020-01-31,217,0,2,27,63,80,0
2020-02-01,185,0,4,27,64,65,0
2020-02-02,208,0,4,34,67,71,0
2020-02-03,215,0,5,30,68,70,1
2020-02-04,175,0,7,28,81,63,0
2020-02-05,171,0,3,28,61,59,0
2020-02-06,209,0,2,25,65,72,0
2020-02-07,203,0,5,30,57,52,0
2020-02-08,208,0,6,18,70,72,0
2020-02-09,215,0,1,28,65,59,0
2020-02-10,208,0,7,26,64,47,0
2020-02-11,181,0,1,29,67,60,0
2020-02-12,205,0,6,25,54,68,1
2020-02-13,198,0,3,27,52,63,0
2020-02-14,203,0,7,29,53,63,0
2020-02-15,242,0,2,19,64,69,0
2020-02-16,220,0,0,22,68,58,0
2020-02-17,229,0,2,24,51,60,0
2020-02-18,210,0,6,25,59,64,0
2020-02-19,199,0,5,33,71,79,1
2020-02-20,232,0,5,27,69,69,0
2020-02-21,192,0,2,38,58,80,0
2020-02-22,207,0,4,23,57,60,0
2020-02-23,177,0,7,23,52,66,1
2020-02-24,178,0,0,31,49,62,0
2020-02-25,225,0,4,40,66,76,0
2020-02-26,204,0,8,30,67,63,0
2020-02-27,197,0,5,33,64,69,0
2020-02-28,192,0,8,25,56,64,0
2020-02-29,184,0,2,26,56,63,1
2020-03-01,194,0,3,26,58,65,1
2020-03-02,213,0,2,23,71,65,0
2020-03-03,213,0,4,35,72,71,0
2020-03-04,239,0,6,33,68,70,0
2020-03-05,222,0,5,25,70,65,0
2020-03-06,209,0,0,28,57,83,0
2020-03-07,224,0,2,26,63,60,0
2020-03-08,204,0,2,26,71,72,0
2020-03-09,227,0,1,32,70,61,1
2020-03-10,176,0,5,21,65,71,0
2020-03-11,217,0,10,25,71,66,1
2020-03-12,218,0,7,24,54,65,0
2020-03-13,210,0,3,29,66,74,0
2020-03-14,208,0,5,32,74,78,1
2020-03-15,219,0,2,32,79,73,1
2020-03-16,210,0,7,35,72,66,0
2020-03-17,216,0,8,37,75,72,1
2020-03-18,224,0,6,21,62,79,2
2020-03-19,200,1,3,36,80,89,1
2020-03-20,205,1,6,41,79,77,0
2020-03-21,196,1,9,36,82,78,1
2020-03-22,195,1,5,22,73,61,1
2020-03-23,203,2,3,27,68,65,1
2020-03-24,191,1,4,31,60,60,1
2020-03-25,191,6,3,29,78,57,1
2020-03-26,212,6,10,36,62,52,2
2020-03-27,208,5,3,29,58,75,1
2020-03-28,209,8,7,30,68,62,1
2020-03-29,208,6,5,36,54,70,0
2020-03-30,213,12,6,26,76,53,1
2020-03-31,205,22,3,25,69,65,2
2020-04-01,222,23,6,35,53,60,2
2020-04-02,204,28,2,28,83,73,4
2020-04-03,223,32,4,31,78,54,4
2020-04-04,202,34,7,19,65,57,0
2020-04-05,200,38,6,37,70,58,3
2020-04-06,200,30,2,24,60,62,6
2020-04-07,207,31,0,37,76,71,5
2020-04-08,216,45,4,34,77,64,3
2020-04-09,234,51,3,23,73,70,6
2020-04-10,193,47,7,23,73,59,6
2020-04-11,186,48,4,35,68,49,5
2020-04-12,193,68,9,34,74,49,8
2020-04-13,213,53,7,43,70,62,9
2020-04-14,227,58,5,35,96,63,10
2020-04-15,231,87,14,42,71,59,6
2020-04-16,237,86,6,36,84,59,9
2020-04-17,218,78,5,38,79,49,17
2020-04-18,231,94,5,41,96,60,13
2020-04-19,244,113,9,57,92,56,7
2020-04-20,244,122,9,51,100,49,12
2020-04-21,236,110,8,56,97,70,11
2020-04-22,255,151,10,40,90,61,19
2020-04-23,234,142,5,43,92,61,19
2020-04-24,270,156,9,42,101,65,19
2020-04-25,256,182,5,55,101,49,25
2020-04-26,275,190,6,51,79,50,35
2020-04-27,268,172,6,41,99,54,20
2020-04-28,276,217,8,55,96,61,21
2020-04-29,253,221,2,44,89,72,21
2020-04-30,237,243,5,43,104,64,21
2020-05-01,279,215,12,44,88,53,37
2020-05-02,293,216,10,37,109,55,33
2020-05-03,263,242,7,33,89,57,35
2020-05-04,299,243,7,51,88,62,30
2020-05-05,251,246,9,46,102,45,29
2020-05-06,266,280,7,45,84,57,24
2020-05-07,289,268,5,37,80,47,18
2020-05-08,253,258,7,28,86,45,18
2020-05-09,304,271,14,27,86,46,25
2020-05-10,284,267,7,31,89,51,18
2020-05-11,259,238,12,37,85,48,17
2020-05-12,271,260,6,46,76,50,15
2020-05-13,249,219,1,34,84,63,20
2020-05-14,251,254,8,46,73,50,19
2020-05-15,219,221,6,48,64,40,21
2020-05-16,286,217,12,33,69,53,19
2020-05-17,234,220,6,27,66,44,21
2020-05-18,261,207,10,28,64,50,13
2020-05-19,219,197,4,28,74,49,16
2020-05-20,204,181,5,25,58,55,13
2020-05-21,216,192,3,28,63,50,15
2020-05-22,255,207,6,37,58,45,19
2020-05-23,230,211,10,21,58,54,7
2020-05-24,233,199,9,24,49,44,12
2020-05-25,224,190,2,44,68,35,12
2020-05-26,226,169,5,27,60,55,8
2020-05-27,230,173,5,25,66,51,12
2020-05-28,222,198,6,34,57,50,10
2020-05-29,203,192,6,22,55,46,12
2020-05-30,229,153,9,29,63,46,11
2020-05-31,263,145,4,32,51,33,10
2020-06-01,204,164,12,25,71,42,14
2020-06-02,190,141,3,32,50,50,8
2020-06-03,216,167,2,28,56,44,5
2020-06-04,212,145,6,33,59,49,6
2020-06-05,214,134,3,40,56,50,8
2020-06-06,198,147,7,32,64,58,3
2020-06-07,189,121,4,28,55,42,7
2020-06-08,203,104,5,29,41,46,15
2020-06-09,191,126,4,28,51,45,5
2020-06-10,198,131,4,26,50,42,6
2020-06-11,192,121,2,32,59,48,6
2020-06-12,196,121,5,29,47,44,12
2020-06-13,189,104,8,36,61,40,6
2020-06-14,188,103,3,32,57,50,7
2020-06-15,209,109,8,23,57,50,3
2020-06-16,193,106,9,30,53,48,5
2020-06-17,190,84,2,24,60,37,9
2020-06-18,217,88,5,29,43,43,9
2020-06-19,195,112,4,25,49,43,8
2020-06-20,219,75,4,24,53,58,4
2020-06-21,215,92,2,31,60,59,6
2020-06-22,206,78,8,23,46,45,10
2020-06-23,177,89,6,23,34,41,0
2020-06-24,192,75,1,26,41,62,6
2020-06-25,193,84,1,23,42,47,7
2020-06-26,204,72,4,16,45,47,4
2020-06-27,184,66,5,21,39,56,7
2020-06-28,208,83,0,33,36,42,2
2020-06-29,179,81,3,12,48,45,7
2020-06-30,184,78,4,33,47,44,2
2020-07-01,200,78,8,26,56,54,4
2020-07-02,211,76,1,27,46,45,3
2020-07-03,206,72,6,31,53,49,4
2020-07-04,201,60,1,20,54,55,4
2020-07-05,186,64,2,17,39,59,3
2020-07-06,159,67,3,19,47,54,5
2020-07-07,191,79,4,17,58,48,5
2020-07-08,192,80,5,24,57,55,4
2020-07-09,201,70,2,34,48,55,4
2020-07-10,196,56,6,27,50,53,4
2020-07-11,181,55,3,21,37,54,3
2020-07-12,199,68,6,28,49,54,1
2020-07-13,199,72,6,24,47,46,0
2020-07-14,179,80,0,23,49,57,3
2020-07-15,185,50,0,24,51,55,5
2020-07-16,189,53,4,21,44,60,2
2020-07-17,190,60,4,25,55,51,5
2020-07-18,202,65,3,19,49,61,3
2020-07-19,182,76,6,32,40,43,7
2020-07-20,217,42,5,21,53,53,6
2020-07-21,168,66,3,37,57,46,5
2020-07-22,169,62,2,17,43,51,3
2020-07-23,175,69,6,24,36,61,2
2020-07-24,162,52,5,17,43,45,2
2020-07-25,166,45,8,19,53,49,4
2020-07-26,138,35,8,20,37,30,2
2020-07-27,140,33,1,18,37,32,1
2020-07-28,94,41,1,7,17,27,2
2020-07-29,22,5,0,1,4,5,0